State,State Code,Year,Year Code,Births
Alabama,01,2007,2007,8696
Alabama,01,2008,2008,8559
Alabama,01,2009,2009,8205
Alabama,01,2010,2010,7343
Alabama,01,2011,2011,6609
Alabama,01,2012,2012,6195
Alabama,01,2013,2013,5392
Alabama,01,2014,2014,5009
Alabama,01,2015,2015,4739
Alabama,01,2016,2016,4480
Alabama,01,2017,2017,4241
Alabama,01,2018,2018,3924
Alabama,01,2019,2019,3955
Alabama,01,2020,2020,3788
Alabama,01,2021,2021,3641
Alabama,01,2022,2022,3445
Alabama,01,2023,2023,3417
Alaska,02,2007,2007,1117
Alaska,02,2008,2008,1135
Alaska,02,2009,2009,1106
Alaska,02,2010,2010,956
Alaska,02,2011,2011,880
Alaska,02,2012,2012,817
Alaska,02,2013,2013,708
Alaska,02,2014,2014,645
Alaska,02,2015,2015,662
Alaska,02,2016,2016,583
Alaska,02,2017,2017,486
Alaska,02,2018,2018,423
Alaska,02,2019,2019,393
Alaska,02,2020,2020,378
Alaska,02,2021,2021,378
Alaska,02,2022,2022,357
Alaska,02,2023,2023,342
Arizona,04,2007,2007,12868
Arizona,04,2008,2008,12051
Arizona,04,2009,2009,10874
Arizona,04,2010,2010,9389
Arizona,04,2011,2011,8402
Arizona,04,2012,2012,8119
Arizona,04,2013,2013,7232
Arizona,04,2014,2014,6622
Arizona,04,2015,2015,5910
Arizona,04,2016,2016,5357
Arizona,04,2017,2017,5025
Arizona,04,2018,2018,4650
Arizona,04,2019,2019,4318
Arizona,04,2020,2020,3916
Arizona,04,2021,2021,3551
Arizona,04,2022,2022,3558
Arizona,04,2023,2023,3461
Arkansas,05,2007,2007,5926
Arkansas,05,2008,2008,5940
Arkansas,05,2009,2009,5753
Arkansas,05,2010,2010,5229
Arkansas,05,2011,2011,4845
Arkansas,05,2012,2012,4349
Arkansas,05,2013,2013,4155
Arkansas,05,2014,2014,3782
Arkansas,05,2015,2015,3677
Arkansas,05,2016,2016,3372
Arkansas,05,2017,2017,3178
Arkansas,05,2018,2018,2928
Arkansas,05,2019,2019,2882
Arkansas,05,2020,2020,2676
Arkansas,05,2021,2021,2609
Arkansas,05,2022,2022,2440
Arkansas,05,2023,2023,2436
California,06,2007,2007,53417
California,06,2008,2008,51730
California,06,2009,2009,47831
California,06,2010,2010,43149
California,06,2011,2011,38303
California,06,2012,2012,34890
California,06,2013,2013,30505
California,06,2014,2014,27025
California,06,2015,2015,24175
California,06,2016,2016,21412
California,06,2017,2017,18935
California,06,2018,2018,16929
California,06,2019,2019,15356
California,06,2020,2020,13591
California,06,2021,2021,12480
California,06,2022,2022,12279
California,06,2023,2023,11578
Colorado,08,2007,2007,6737
Colorado,08,2008,2008,6638
Colorado,08,2009,2009,6203
Colorado,08,2010,2010,5474
Colorado,08,2011,2011,4734
Colorado,08,2012,2012,4154
Colorado,08,2013,2013,3834
Colorado,08,2014,2014,3377
Colorado,08,2015,2015,3270
Colorado,08,2016,2016,3068
Colorado,08,2017,2017,2790
Colorado,08,2018,2018,2522
Colorado,08,2019,2019,2471
Colorado,08,2020,2020,2223
Colorado,08,2021,2021,2059
Colorado,08,2022,2022,2004
Colorado,08,2023,2023,1999
Connecticut,09,2007,2007,2837
Connecticut,09,2008,2008,2789
Connecticut,09,2009,2009,2605
Connecticut,09,2010,2010,2274
Connecticut,09,2011,2011,2020
Connecticut,09,2012,2012,1889
Connecticut,09,2013,2013,1606
Connecticut,09,2014,2014,1420
Connecticut,09,2015,2015,1241
Connecticut,09,2016,2016,1136
Connecticut,09,2017,2017,1053
Connecticut,09,2018,2018,988
Connecticut,09,2019,2019,902
Connecticut,09,2020,2020,882
Connecticut,09,2021,2021,845
Connecticut,09,2022,2022,784
Connecticut,09,2023,2023,799
Delaware,10,2007,2007,1244
Delaware,10,2008,2008,1237
Delaware,10,2009,2009,1081
Delaware,10,2010,2010,974
Delaware,10,2011,2011,900
Delaware,10,2012,2012,761
Delaware,10,2013,2013,728
Delaware,10,2014,2014,616
Delaware,10,2015,2015,540
Delaware,10,2016,2016,583
Delaware,10,2017,2017,552
Delaware,10,2018,2018,497
Delaware,10,2019,2019,444
Delaware,10,2020,2020,439
Delaware,10,2021,2021,425
Delaware,10,2022,2022,466
Delaware,10,2023,2023,444
District of Columbia,11,2007,2007,1053
District of Columbia,11,2008,2008,1083
District of Columbia,11,2009,2009,1034
District of Columbia,11,2010,2010,951
District of Columbia,11,2011,2011,879
District of Columbia,11,2012,2012,791
District of Columbia,11,2013,2013,637
District of Columbia,11,2014,2014,565
District of Columbia,11,2015,2015,501
District of Columbia,11,2016,2016,460
District of Columbia,11,2017,2017,408
District of Columbia,11,2018,2018,373
District of Columbia,11,2019,2019,323
District of Columbia,11,2020,2020,301
District of Columbia,11,2021,2021,261
District of Columbia,11,2022,2022,240
District of Columbia,11,2023,2023,243
Florida,12,2007,2007,25693
Florida,12,2008,2008,24077
Florida,12,2009,2009,22021
Florida,12,2010,2010,19127
Florida,12,2011,2011,17125
Florida,12,2012,2012,15952
Florida,12,2013,2013,13962
Florida,12,2014,2014,12816
Florida,12,2015,2015,11957
Florida,12,2016,2016,11195
Florida,12,2017,2017,10708
Florida,12,2018,2018,9829
Florida,12,2019,2019,9541
Florida,12,2020,2020,8920
Florida,12,2021,2021,8093
Florida,12,2022,2022,8139
Florida,12,2023,2023,8108
Georgia,13,2007,2007,18085
Georgia,13,2008,2008,17273
Georgia,13,2009,2009,16345
Georgia,13,2010,2010,14378
Georgia,13,2011,2011,12991
Georgia,13,2012,2012,11488
Georgia,13,2013,2013,10322
Georgia,13,2014,2014,9661
Georgia,13,2015,2015,8829
Georgia,13,2016,2016,8248
Georgia,13,2017,2017,7778
Georgia,13,2018,2018,7385
Georgia,13,2019,2019,7090
Georgia,13,2020,2020,6572
Georgia,13,2021,2021,6141
Georgia,13,2022,2022,6128
Georgia,13,2023,2023,6259
Hawaii,15,2007,2007,1610
Hawaii,15,2008,2008,1625
Hawaii,15,2009,2009,1547
Hawaii,15,2010,2010,1347
Hawaii,15,2011,2011,1199
Hawaii,15,2012,2012,1108
Hawaii,15,2013,2013,976
Hawaii,15,2014,2014,893
Hawaii,15,2015,2015,789
Hawaii,15,2016,2016,728
Hawaii,15,2017,2017,714
Hawaii,15,2018,2018,643
Hawaii,15,2019,2019,584
Hawaii,15,2020,2020,470
Hawaii,15,2021,2021,463
Hawaii,15,2022,2022,432
Hawaii,15,2023,2023,423
Idaho,16,2007,2007,2257
Idaho,16,2008,2008,2261
Idaho,16,2009,2009,2038
Idaho,16,2010,2010,1863
Idaho,16,2011,2011,1584
Idaho,16,2012,2012,1568
Idaho,16,2013,2013,1425
Idaho,16,2014,2014,1303
Idaho,16,2015,2015,1288
Idaho,16,2016,2016,1171
Idaho,16,2017,2017,1106
Idaho,16,2018,2018,972
Idaho,16,2019,2019,917
Idaho,16,2020,2020,909
Idaho,16,2021,2021,787
Idaho,16,2022,2022,807
Idaho,16,2023,2023,800
Illinois,17,2007,2007,18089
Illinois,17,2008,2008,17410
Illinois,17,2009,2009,16196
Illinois,17,2010,2010,14798
Illinois,17,2011,2011,13026
Illinois,17,2012,2012,12098
Illinois,17,2013,2013,10525
Illinois,17,2014,2014,9591
Illinois,17,2015,2015,8764
Illinois,17,2016,2016,7729
Illinois,17,2017,2017,7103
Illinois,17,2018,2018,6399
Illinois,17,2019,2019,5883
Illinois,17,2020,2020,5379
Illinois,17,2021,2021,4507
Illinois,17,2022,2022,4495
Illinois,17,2023,2023,4324
Indiana,18,2007,2007,9948
Indiana,18,2008,2008,9607
Indiana,18,2009,2009,9527
Indiana,18,2010,2010,8665
Indiana,18,2011,2011,7917
Indiana,18,2012,2012,7370
Indiana,18,2013,2013,6742
Indiana,18,2014,2014,6223
Indiana,18,2015,2015,5813
Indiana,18,2016,2016,5255
Indiana,18,2017,2017,5091
Indiana,18,2018,2018,4840
Indiana,18,2019,2019,4641
Indiana,18,2020,2020,4127
Indiana,18,2021,2021,3843
Indiana,18,2022,2022,3741
Indiana,18,2023,2023,3605
Iowa,19,2007,2007,3529
Iowa,19,2008,2008,3591
Iowa,19,2009,2009,3421
Iowa,19,2010,2010,3017
Iowa,19,2011,2011,2665
Iowa,19,2012,2012,2498
Iowa,19,2013,2013,2289
Iowa,19,2014,2014,2048
Iowa,19,2015,2015,1943
Iowa,19,2016,2016,1804
Iowa,19,2017,2017,1678
Iowa,19,2018,2018,1603
Iowa,19,2019,2019,1460
Iowa,19,2020,2020,1381
Iowa,19,2021,2021,1363
Iowa,19,2022,2022,1338
Iowa,19,2023,2023,1299
Kansas,20,2007,2007,4271
Kansas,20,2008,2008,4403
Kansas,20,2009,2009,4233
Kansas,20,2010,2010,3865
Kansas,20,2011,2011,3493
Kansas,20,2012,2012,3306
Kansas,20,2013,2013,2869
Kansas,20,2014,2014,2674
Kansas,20,2015,2015,2479
Kansas,20,2016,2016,2125
Kansas,20,2017,2017,2057
Kansas,20,2018,2018,1933
Kansas,20,2019,2019,1857
Kansas,20,2020,2020,1749
Kansas,20,2021,2021,1614
Kansas,20,2022,2022,1615
Kansas,20,2023,2023,1536
Kentucky,21,2007,2007,7547
Kentucky,21,2008,2008,7636
Kentucky,21,2009,2009,7208
Kentucky,21,2010,2010,6684
Kentucky,21,2011,2011,6111
Kentucky,21,2012,2012,5689
Kentucky,21,2013,2013,5410
Kentucky,21,2014,2014,4877
Kentucky,21,2015,2015,4503
Kentucky,21,2016,2016,4331
Kentucky,21,2017,2017,4060
Kentucky,21,2018,2018,3816
Kentucky,21,2019,2019,3464
Kentucky,21,2020,2020,3302
Kentucky,21,2021,2021,3191
Kentucky,21,2022,2022,3038
Kentucky,21,2023,2023,2976
Louisiana,22,2007,2007,8974
Louisiana,22,2008,2008,8817
Louisiana,22,2009,2009,8413
Louisiana,22,2010,2010,7689
Louisiana,22,2011,2011,6970
Louisiana,22,2012,2012,6458
Louisiana,22,2013,2013,5811
Louisiana,22,2014,2014,5270
Louisiana,22,2015,2015,5055
Louisiana,22,2016,2016,4545
Louisiana,22,2017,2017,4269
Louisiana,22,2018,2018,3991
Louisiana,22,2019,2019,4007
Louisiana,22,2020,2020,3676
Louisiana,22,2021,2021,3571
Louisiana,22,2022,2022,3502
Louisiana,22,2023,2023,3490
Maine,23,2007,2007,1172
Maine,23,2008,2008,1117
Maine,23,2009,2009,1047
Maine,23,2010,2010,917
Maine,23,2011,2011,867
Maine,23,2012,2012,798
Maine,23,2013,2013,697
Maine,23,2014,2014,655
Maine,23,2015,2015,603
Maine,23,2016,2016,574
Maine,23,2017,2017,504
Maine,23,2018,2018,419
Maine,23,2019,2019,339
Maine,23,2020,2020,396
Maine,23,2021,2021,298
Maine,23,2022,2022,319
Maine,23,2023,2023,283
Maryland,24,2007,2007,6892
Maryland,24,2008,2008,6560
Maryland,24,2009,2009,6140
Maryland,24,2010,2010,5396
Maryland,24,2011,2011,4797
Maryland,24,2012,2012,4286
Maryland,24,2013,2013,3690
Maryland,24,2014,2014,3379
Maryland,24,2015,2015,3214
Maryland,24,2016,2016,3017
Maryland,24,2017,2017,2667
Maryland,24,2018,2018,2645
Maryland,24,2019,2019,2603
Maryland,24,2020,2020,2431
Maryland,24,2021,2021,2174
Maryland,24,2022,2022,2066
Maryland,24,2023,2023,2105
Massachusetts,25,2007,2007,4949
Massachusetts,25,2008,2008,4586
Massachusetts,25,2009,2009,4482
Massachusetts,25,2010,2010,3909
Massachusetts,25,2011,2011,3478
Massachusetts,25,2012,2012,3220
Massachusetts,25,2013,2013,2734
Massachusetts,25,2014,2014,2404
Massachusetts,25,2015,2015,2140
Massachusetts,25,2016,2016,1932
Massachusetts,25,2017,2017,1827
Massachusetts,25,2018,2018,1638
Massachusetts,25,2019,2019,1538
Massachusetts,25,2020,2020,1354
Massachusetts,25,2021,2021,1309
Massachusetts,25,2022,2022,1302
Massachusetts,25,2023,2023,1311
Michigan,26,2007,2007,12497
Michigan,26,2008,2008,11985
Michigan,26,2009,2009,11709
Michigan,26,2010,2010,10835
Michigan,26,2011,2011,9658
Michigan,26,2012,2012,8913
Michigan,26,2013,2013,7872
Michigan,26,2014,2014,6967
Michigan,26,2015,2015,6356
Michigan,26,2016,2016,5792
Michigan,26,2017,2017,5307
Michigan,26,2018,2018,5042
Michigan,26,2019,2019,4758
Michigan,26,2020,2020,4190
Michigan,26,2021,2021,3871
Michigan,26,2022,2022,3608
Michigan,26,2023,2023,3418
Minnesota,27,2007,2007,5193
Minnesota,27,2008,2008,4885
Minnesota,27,2009,2009,4384
Minnesota,27,2010,2010,4035
Minnesota,27,2011,2011,3464
Minnesota,27,2012,2012,3295
Minnesota,27,2013,2013,2950
Minnesota,27,2014,2014,2709
Minnesota,27,2015,2015,2386
Minnesota,27,2016,2016,2200
Minnesota,27,2017,2017,2113
Minnesota,27,2018,2018,1794
Minnesota,27,2019,2019,1791
Minnesota,27,2020,2020,1611
Minnesota,27,2021,2021,1561
Minnesota,27,2022,2022,1496
Minnesota,27,2023,2023,1465
Mississippi,28,2007,2007,7811
Mississippi,28,2008,2008,7193
Mississippi,28,2009,2009,6945
Mississippi,28,2010,2010,6077
Mississippi,28,2011,2011,5363
Mississippi,28,2012,2012,4781
Mississippi,28,2013,2013,4347
Mississippi,28,2014,2014,3853
Mississippi,28,2015,2015,3536
Mississippi,28,2016,2016,3326
Mississippi,28,2017,2017,3137
Mississippi,28,2018,2018,2808
Mississippi,28,2019,2019,2869
Mississippi,28,2020,2020,2711
Mississippi,28,2021,2021,2545
Mississippi,28,2022,2022,2683
Mississippi,28,2023,2023,2596
Missouri,29,2007,2007,9244
Missouri,29,2008,2008,9160
Missouri,29,2009,2009,8499
Missouri,29,2010,2010,7669
Missouri,29,2011,2011,6944
Missouri,29,2012,2012,6317
Missouri,29,2013,2013,5814
Missouri,29,2014,2014,5232
Missouri,29,2015,2015,4838
Missouri,29,2016,2016,4505
Missouri,29,2017,2017,4301
Missouri,29,2018,2018,4109
Missouri,29,2019,2019,3851
Missouri,29,2020,2020,3556
Missouri,29,2021,2021,3312
Missouri,29,2022,2022,3270
Missouri,29,2023,2023,3166
Montana,30,2007,2007,1200
Montana,30,2008,2008,1312
Montana,30,2009,2009,1264
Montana,30,2010,2010,1128
Montana,30,2011,2011,930
Montana,30,2012,2012,892
Montana,30,2013,2013,855
Montana,30,2014,2014,807
Montana,30,2015,2015,770
Montana,30,2016,2016,720
Montana,30,2017,2017,645
Montana,30,2018,2018,531
Montana,30,2019,2019,502
Montana,30,2020,2020,411
Montana,30,2021,2021,442
Montana,30,2022,2022,401
Montana,30,2023,2023,398
Nebraska,31,2007,2007,2280
Nebraska,31,2008,2008,2286
Nebraska,31,2009,2009,2209
Nebraska,31,2010,2010,1958
Nebraska,31,2011,2011,1731
Nebraska,31,2012,2012,1671
Nebraska,31,2013,2013,1552
Nebraska,31,2014,2014,1390
Nebraska,31,2015,2015,1388
Nebraska,31,2016,2016,1213
Nebraska,31,2017,2017,1158
Nebraska,31,2018,2018,1073
Nebraska,31,2019,2019,993
Nebraska,31,2020,2020,984
Nebraska,31,2021,2021,944
Nebraska,31,2022,2022,937
Nebraska,31,2023,2023,896
Nevada,32,2007,2007,4351
Nevada,32,2008,2008,4262
Nevada,32,2009,2009,3879
Nevada,32,2010,2010,3421
Nevada,32,2011,2011,3073
Nevada,32,2012,2012,2863
Nevada,32,2013,2013,2604
Nevada,32,2014,2014,2448
Nevada,32,2015,2015,2369
Nevada,32,2016,2016,2078
Nevada,32,2017,2017,1906
Nevada,32,2018,2018,1800
Nevada,32,2019,2019,1668
Nevada,32,2020,2020,1506
Nevada,32,2021,2021,1384
Nevada,32,2022,2022,1304
Nevada,32,2023,2023,1248
New Hampshire,33,2007,2007,924
New Hampshire,33,2008,2008,902
New Hampshire,33,2009,2009,765
New Hampshire,33,2010,2010,722
New Hampshire,33,2011,2011,629
New Hampshire,33,2012,2012,629
New Hampshire,33,2013,2013,560
New Hampshire,33,2014,2014,484
New Hampshire,33,2015,2015,468
New Hampshire,33,2016,2016,392
New Hampshire,33,2017,2017,353
New Hampshire,33,2018,2018,334
New Hampshire,33,2019,2019,275
New Hampshire,33,2020,2020,272
New Hampshire,33,2021,2021,225
New Hampshire,33,2022,2022,183
New Hampshire,33,2023,2023,186
New Jersey,34,2007,2007,7255
New Jersey,34,2008,2008,7008
New Jersey,34,2009,2009,6408
New Jersey,34,2010,2010,5793
New Jersey,34,2011,2011,5358
New Jersey,34,2012,2012,4772
New Jersey,34,2013,2013,4188
New Jersey,34,2014,2014,3678
New Jersey,34,2015,2015,3374
New Jersey,34,2016,2016,3060
New Jersey,34,2017,2017,2837
New Jersey,34,2018,2018,2814
New Jersey,34,2019,2019,2697
New Jersey,34,2020,2020,2450
New Jersey,34,2021,2021,2253
New Jersey,34,2022,2022,2288
New Jersey,34,2023,2023,2153
New Mexico,35,2007,2007,4720
New Mexico,35,2008,2008,4540
New Mexico,35,2009,2009,4438
New Mexico,35,2010,2010,3872
New Mexico,35,2011,2011,3452
New Mexico,35,2012,2012,3275
New Mexico,35,2013,2013,2959
New Mexico,35,2014,2014,2543
New Mexico,35,2015,2015,2320
New Mexico,35,2016,2016,2019
New Mexico,35,2017,2017,1896
New Mexico,35,2018,2018,1724
New Mexico,35,2019,2019,1659
New Mexico,35,2020,2020,1485
New Mexico,35,2021,2021,1324
New Mexico,35,2022,2022,1372
New Mexico,35,2023,2023,1267
New York,36,2007,2007,17621
New York,36,2008,2008,17289
New York,36,2009,2009,16306
New York,36,2010,2010,15126
New York,36,2011,2011,13718
New York,36,2012,2012,12592
New York,36,2013,2013,11128
New York,36,2014,2014,9954
New York,36,2015,2015,8961
New York,36,2016,2016,8003
New York,36,2017,2017,7480
New York,36,2018,2018,6847
New York,36,2019,2019,6606
New York,36,2020,2020,5681
New York,36,2021,2021,5373
New York,36,2022,2022,5031
New York,36,2023,2023,5000
North Carolina,37,2007,2007,15079
North Carolina,37,2008,2008,15136
North Carolina,37,2009,2009,14093
North Carolina,37,2010,2010,12309
North Carolina,37,2011,2011,11070
North Carolina,37,2012,2012,10077
North Carolina,37,2013,2013,9020
North Carolina,37,2014,2014,8280
North Carolina,37,2015,2015,7641
North Carolina,37,2016,2016,7190
North Carolina,37,2017,2017,6845
North Carolina,37,2018,2018,6303
North Carolina,37,2019,2019,6168
North Carolina,37,2020,2020,5841
North Carolina,37,2021,2021,5474
North Carolina,37,2022,2022,5167
North Carolina,37,2023,2023,5238
North Dakota,38,2007,2007,696
North Dakota,38,2008,2008,666
North Dakota,38,2009,2009,663
North Dakota,38,2010,2010,659
North Dakota,38,2011,2011,647
North Dakota,38,2012,2012,603
North Dakota,38,2013,2013,563
North Dakota,38,2014,2014,564
North Dakota,38,2015,2015,527
North Dakota,38,2016,2016,469
North Dakota,38,2017,2017,368
North Dakota,38,2018,2018,372
North Dakota,38,2019,2019,355
North Dakota,38,2020,2020,319
North Dakota,38,2021,2021,317
North Dakota,38,2022,2022,305
North Dakota,38,2023,2023,299
Ohio,39,2007,2007,16362
Ohio,39,2008,2008,16204
Ohio,39,2009,2009,15445
Ohio,39,2010,2010,13752
Ohio,39,2011,2011,12338
Ohio,39,2012,2012,11437
Ohio,39,2013,2013,10352
Ohio,39,2014,2014,9473
Ohio,39,2015,2015,8755
Ohio,39,2016,2016,8151
Ohio,39,2017,2017,7788
Ohio,39,2018,2018,7044
Ohio,39,2019,2019,6926
Ohio,39,2020,2020,6404
Ohio,39,2021,2021,5790
Ohio,39,2022,2022,5621
Ohio,39,2023,2023,5478
Oklahoma,40,2007,2007,7543
Oklahoma,40,2008,2008,7494
Oklahoma,40,2009,2009,7451
Oklahoma,40,2010,2010,6496
Oklahoma,40,2011,2011,6025
Oklahoma,40,2012,2012,5844
Oklahoma,40,2013,2013,5310
Oklahoma,40,2014,2014,4802
Oklahoma,40,2015,2015,4391
Oklahoma,40,2016,2016,4250
Oklahoma,40,2017,2017,3793
Oklahoma,40,2018,2018,3492
Oklahoma,40,2019,2019,3520
Oklahoma,40,2020,2020,3218
Oklahoma,40,2021,2021,3189
Oklahoma,40,2022,2022,2856
Oklahoma,40,2023,2023,2855
Oregon,41,2007,2007,4343
Oregon,41,2008,2008,4476
Oregon,41,2009,2009,4063
Oregon,41,2010,2010,3496
Oregon,41,2011,2011,3134
Oregon,41,2012,2012,2851
Oregon,41,2013,2013,2594
Oregon,41,2014,2014,2390
Oregon,41,2015,2015,2284
Oregon,41,2016,2016,2004
Oregon,41,2017,2017,1809
Oregon,41,2018,2018,1598
Oregon,41,2019,2019,1451
Oregon,41,2020,2020,1210
Oregon,41,2021,2021,1159
Oregon,41,2022,2022,1230
Oregon,41,2023,2023,1172
Pennsylvania,42,2007,2007,13841
Pennsylvania,42,2008,2008,13724
Pennsylvania,42,2009,2009,12850
Pennsylvania,42,2010,2010,11959
Pennsylvania,42,2011,2011,10816
Pennsylvania,42,2012,2012,10049
Pennsylvania,42,2013,2013,8657
Pennsylvania,42,2014,2014,7892
Pennsylvania,42,2015,2015,7218
Pennsylvania,42,2016,2016,6385
Pennsylvania,42,2017,2017,5899
Pennsylvania,42,2018,2018,5599
Pennsylvania,42,2019,2019,5264
Pennsylvania,42,2020,2020,4895
Pennsylvania,42,2021,2021,4643
Pennsylvania,42,2022,2022,4352
Pennsylvania,42,2023,2023,4077
Rhode Island,44,2007,2007,1192
Rhode Island,44,2008,2008,1124
Rhode Island,44,2009,2009,1051
Rhode Island,44,2010,2010,891
Rhode Island,44,2011,2011,831
Rhode Island,44,2012,2012,760
Rhode Island,44,2013,2013,659
Rhode Island,44,2014,2014,590
Rhode Island,44,2015,2015,530
Rhode Island,44,2016,2016,474
Rhode Island,44,2017,2017,414
Rhode Island,44,2018,2018,411
Rhode Island,44,2019,2019,359
Rhode Island,44,2020,2020,328
Rhode Island,44,2021,2021,286
Rhode Island,44,2022,2022,300
Rhode Island,44,2023,2023,271
South Carolina,45,2007,2007,8329
South Carolina,45,2008,2008,8329
South Carolina,45,2009,2009,7651
South Carolina,45,2010,2010,6849
South Carolina,45,2011,2011,6026
South Carolina,45,2012,2012,5537
South Carolina,45,2013,2013,4763
South Carolina,45,2014,2014,4297
South Carolina,45,2015,2015,4021
South Carolina,45,2016,2016,3695
South Carolina,45,2017,2017,3408
South Carolina,45,2018,2018,3481
South Carolina,45,2019,2019,3425
South Carolina,45,2020,2020,3069
South Carolina,45,2021,2021,2953
South Carolina,45,2022,2022,2875
South Carolina,45,2023,2023,2965
South Dakota,46,2007,2007,1191
South Dakota,46,2008,2008,1117
South Dakota,46,2009,2009,1092
South Dakota,46,2010,2010,975
South Dakota,46,2011,2011,964
South Dakota,46,2012,2012,929
South Dakota,46,2013,2013,812
South Dakota,46,2014,2014,735
South Dakota,46,2015,2015,720
South Dakota,46,2016,2016,681
South Dakota,46,2017,2017,614
South Dakota,46,2018,2018,565
South Dakota,46,2019,2019,536
South Dakota,46,2020,2020,533
South Dakota,46,2021,2021,501
South Dakota,46,2022,2022,512
South Dakota,46,2023,2023,506
Tennessee,47,2007,2007,11260
Tennessee,47,2008,2008,11157
Tennessee,47,2009,2009,10378
Tennessee,47,2010,2010,9254
Tennessee,47,2011,2011,8497
Tennessee,47,2012,2012,7910
Tennessee,47,2013,2013,7105
Tennessee,47,2014,2014,6756
Tennessee,47,2015,2015,6267
Tennessee,47,2016,2016,5766
Tennessee,47,2017,2017,5516
Tennessee,47,2018,2018,5258
Tennessee,47,2019,2019,4918
Tennessee,47,2020,2020,4826
Tennessee,47,2021,2021,4613
Tennessee,47,2022,2022,4502
Tennessee,47,2023,2023,4547
Texas,48,2007,2007,54281
Texas,48,2008,2008,54284
Texas,48,2009,2009,52656
Texas,48,2010,2010,47751
Texas,48,2011,2011,42748
Texas,48,2012,2012,40451
Texas,48,2013,2013,37525
Texas,48,2014,2014,35063
Texas,48,2015,2015,32687
Texas,48,2016,2016,29765
Texas,48,2017,2017,26971
Texas,48,2018,2018,25089
Texas,48,2019,2019,24109
Texas,48,2020,2020,22641
Texas,48,2021,2021,21041
Texas,48,2022,2022,21337
Texas,48,2023,2023,20856
Utah,49,2007,2007,3775
Utah,49,2008,2008,3749
Utah,49,2009,2009,3349
Utah,49,2010,2010,3049
Utah,49,2011,2011,2542
Utah,49,2012,2012,2494
Utah,49,2013,2013,2254
Utah,49,2014,2014,2163
Utah,49,2015,2015,2021
Utah,49,2016,2016,1829
Utah,49,2017,2017,1801
Utah,49,2018,2018,1604
Utah,49,2019,2019,1498
Utah,49,2020,2020,1363
Utah,49,2021,2021,1282
Utah,49,2022,2022,1203
Utah,49,2023,2023,1202
Vermont,50,2007,2007,492
Vermont,50,2008,2008,472
Vermont,50,2009,2009,393
Vermont,50,2010,2010,401
Vermont,50,2011,2011,375
Vermont,50,2012,2012,361
Vermont,50,2013,2013,317
Vermont,50,2014,2014,307
Vermont,50,2015,2015,245
Vermont,50,2016,2016,213
Vermont,50,2017,2017,206
Vermont,50,2018,2018,182
Vermont,50,2019,2019,152
Vermont,50,2020,2020,139
Vermont,50,2021,2021,133
Vermont,50,2022,2022,116
Vermont,50,2023,2023,116
Virginia,51,2007,2007,9200
Virginia,51,2008,2008,8801
Virginia,51,2009,2009,8228
Virginia,51,2010,2010,7374
Virginia,51,2011,2011,6524
Virginia,51,2012,2012,6076
Virginia,51,2013,2013,5300
Virginia,51,2014,2014,4859
Virginia,51,2015,2015,4508
Virginia,51,2016,2016,4114
Virginia,51,2017,2017,3987
Virginia,51,2018,2018,3803
Virginia,51,2019,2019,3625
Virginia,51,2020,2020,3488
Virginia,51,2021,2021,3198
Virginia,51,2022,2022,3045
Virginia,51,2023,2023,3037
Washington,53,2007,2007,7430
Washington,53,2008,2008,7386
Washington,53,2009,2009,6866
Washington,53,2010,2010,6002
Washington,53,2011,2011,5530
Washington,53,2012,2012,5017
Washington,53,2013,2013,4386
Washington,53,2014,2014,4092
Washington,53,2015,2015,3773
Washington,53,2016,2016,3584
Washington,53,2017,2017,3191
Washington,53,2018,2018,2762
Washington,53,2019,2019,2788
Washington,53,2020,2020,2478
Washington,53,2021,2021,2276
Washington,53,2022,2022,2144
Washington,53,2023,2023,2226
West Virginia,54,2007,2007,2714
West Virginia,54,2008,2008,2772
West Virginia,54,2009,2009,2845
West Virginia,54,2010,2010,2608
West Virginia,54,2011,2011,2461
West Virginia,54,2012,2012,2407
West Virginia,54,2013,2013,2178
West Virginia,54,2014,2014,1972
West Virginia,54,2015,2015,1719
West Virginia,54,2016,2016,1555
West Virginia,54,2017,2017,1416
West Virginia,54,2018,2018,1317
West Virginia,54,2019,2019,1287
West Virginia,54,2020,2020,1139
West Virginia,54,2021,2021,1080
West Virginia,54,2022,2022,1024
West Virginia,54,2023,2023,973
Wisconsin,55,2007,2007,6243
Wisconsin,55,2008,2008,6041
Wisconsin,55,2009,2009,5798
Wisconsin,55,2010,2010,5100
Wisconsin,55,2011,2011,4504
Wisconsin,55,2012,2012,4159
Wisconsin,55,2013,2013,3692
Wisconsin,55,2014,2014,3378
Wisconsin,55,2015,2015,3040
Wisconsin,55,2016,2016,2808
Wisconsin,55,2017,2017,2564
Wisconsin,55,2018,2018,2406
Wisconsin,55,2019,2019,2318
Wisconsin,55,2020,2020,2113
Wisconsin,55,2021,2021,1906
Wisconsin,55,2022,2022,1832
Wisconsin,55,2023,2023,1882
Wyoming,56,2007,2007,921
Wyoming,56,2008,2008,879
Wyoming,56,2009,2009,814
Wyoming,56,2010,2010,723
Wyoming,56,2011,2011,625
Wyoming,56,2012,2012,622
Wyoming,56,2013,2013,540
Wyoming,56,2014,2014,545
Wyoming,56,2015,2015,510
Wyoming,56,2016,2016,463
Wyoming,56,2017,2017,424
Wyoming,56,2018,2018,362
Wyoming,56,2019,2019,338
Wyoming,56,2020,2020,322
Wyoming,56,2021,2021,295
Wyoming,56,2022,2022,300
Wyoming,56,2023,2023,246